,tittle,text
"HAKİKAT, Bu hesaplardan,""Askerlerimizin isimleri"" iddiasıyla birebir aynı paylaşımlar yapıldığı belirlenmiştir.""Şehit olan askerlerimizin isimleri"" iddiasıyla yapılan paylaşımlardaki isimler 12 Aralık 2023'te değil, Ağustos 2023'te şehit olan askerlerimizin isimleridir.Asılsız bilgileri paylaşarak terör örgütlerinin manipülasyonlarını yaymamaya dikkat ediniz. Resmi kaynaklar dışında yapılan açıklamalara itibar etmeyiniz."
"HAKİKAT, İddiaya konu haberlerde yer alan fotoğraftaki zırhlı araç, Katarlı Stark Motors şirketi tarafından üretilen Storm zırhlı personel aracıdır.
Katar, 2019 yılında Mogadişu hükümetine Eş Şebab ve diğer terör örgütleriyle mücadelede kullanılmak üzere 68 Storm zırhlı personel taşıyıcı hibe etmiştir.
Bazı basın yayın organlarında yer alan ""Terör örgütü Eş-Şebab Türkiye'nin Somali ordusuna gönderdiği hafif zırhlı aracı ele geçirdi"" iddiası doğru değildir."
"HAKİKAT, Terör örgütü PKK'nın sosyal medya hesaplarından paylaşılan bir fotoğrafla ilgili, ""TSK şehit olan askerin naaşını ailesine bavul içerisinde teslim etti"" iddiası doğru değildir.
Piyade Sözleşmeli Er Mehmet Can, 24 Temmuz 2023'te Irak'ın kuzeyindeki Pençe-Kilit Harekatı bölgesinde bölücü terör örgütü mensuplarının taciz ateşi sonucu şehit olmuştur.
Fotoğraftaki bavulun içerisinde, şehidimiz Mehmet Can'ın eşyaları bulunmaktadır.
Terör örgütü PKK'nın sosyal medya hesaplarından paylaşılan bir fotoğrafla ilgili, ""TSK şehit olan askerin naaşını ailesine bavul içerisinde teslim etti"" iddiası doğru değildir."
"HAKİKAT, İddiaya konu görüntülerde, 2019'da Türk Silahlı Kuvvetleri tarafından icra edilen Pençe Harekatı kapsamında, Irak'ın kuzeyindeki Hakurk bölgesinde terör örgütü PKK tarafından kullanılan mağara/sığınakların imhası görülmektedir.
Terör örgütlerinin manipülasyonlarına itibar etmeyiniz.
Bazı sosyal medya hesaplarından paylaşılan görüntülerle ilgili, ""PKK orta menzilli füze ile TSK birliğini vurdu 47 Türk askeri hayatını kaybetti 8 kişi de yaralandı"" iddiası doğru değildir."
"HAKİKAT, Türk Silahlı Kuvvetleri'nin Suriye'deki terör örgütü PKK/YPG unsurlarına yönelik hava harekatları sırasında; masum sivillerin, dost unsurların,
tarihî ve kültürel varlıklar ile çevrenin zarar görmemesi için her türlü tedbir alınmıştır.
Vurulan terör kampları, ""hastane ve sivil yerleşim"" iddiasıyla servis edilerek bir kara propaganda yürütülmektedir.
Terör örgütlerinin manipülasyonlarına itibar etmeyiniz."
"HAKİKAT, İddiaya konu görüntülerde spor yapan kişilerin Pakistan Milgem projesi kapsamında inşa edilen BABUR korveti test ve eğitim faaliyetleri için İstanbul Tersanesi Komutanlığında görevli Pakistan DZKK personeli olduğu tespit edilmiştir.
Asılsız iddialara itibar etmeyiniz."
"HAKİKAT, İddiaların aksine Makine ve Kimya Endüstrisi Anonim Şirketine (MKE A.Ş.) ait Çankırı Silah Fabrikası'nın herhangi bir ülkeye satışı söz konusu değildir.
Asılsız iddialara itibar etmeyiniz."
"HAKİKAT, Türkiye Cumhuriyeti Cumhurbaşkanlığı tarafından ""Tek Devlet, Tek Marka"" vizyonu çerçevesinde; tüm Bakanlıkları kapsayan ve Cumhurbaşkanlığı Arması ile uyumlu görsel bir sistem oluşturulmuştur. Tüm Bakanlıkların ambleminde Cumhurbaşkanlığı Arması gibi yuvarlak içerisinde ve etraflarında tarihteki bağımsız 16 büyük Türk Devleti'ni simgeleyen 16 yıldız kullanılmıştır.
Yeni oluşturulan Milli Savunma Bakanlığı logosu, 29 Nisan 2019 yılında tanıtılmıştır. Bakanlığın millilik yönüne dikkat çekmek için ay yıldız kullanılmış ve ülkemizin dünyadaki yeri ve önemini vurgulamak için merkezde konumlandırılmıştır. Meşe yaprağı kurumun sürekliliğini, gücünü ve kararlılığını sembolize etmektedir. Ay yıldızın alt kısmına konumlandırılan tarihi ""Türk Kılıcı"" ise köklü geçmişini ve gücünü simgelemektedir."
"HAKİKAT, Kuleli Askeri Lisesi binası Milli Savunma Bakanlığı'nın kullanımında olup, Milli Savunma Üniversitesi'nde eğitim gören askeri öğrencilere hizmet vermeye devam etmektedir.
Aynı iddianın geçtiğimiz yıllarda da gündeme geldiği ve kasıtlı bir şekilde dezenformasyona sebebiyet verildiği tespit edilmiştir."
"HAKİKAT , Türk Silahlı Kuvvetlerinde vatandaşlığa sonradan kabul edilmiş olanlardan muvazzaf subay veya astsubay bulunmamaktadır.
Bunun yanında Askeralma Kanunu kapsamında, vatandaşlığa sonradan kabul edilenler dâhil olmak üzere belirli bir yaşa gelen her erkek vatandaşımızın askerlik hizmetini yerine getirme yükümlülüğü bulunmaktadır. Bu kapsamda, vatandaşlığa sonradan kabul edilenler de askerlik yükümlülüklerini şartlarına ve TSK ihtiyaçlarına göre yapabilmektedir.
Kanunla düzenlenen bu konuda; sadece Suriyeliler değil, başka bir uyruktan olanlara da özel bir uygulama söz konusu değildir."
"HAKIKAT, Sınırlarımızda halihazırda herhangi bir göç dalgası söz konusu değildir. Hudutlarımız kamera, termal kamera, radar, dürbün, İHA, foto kapan ve diğer elektronik sistemler ile her türlü iklim ve arazi şartlarında 7/24 kesintisiz olarak en yoğun tedbirlerle gece gündüz korunmakta, kollanmakta, gözetlenmektedir.
Sosyal medyada 'mülteci akını' iddiasıyla paylaşılan görüntülerin Türkiye ile herhangi bir ilgisi yoktur."
"HAKİKAT, AFAD yetkilileri Muğla'daki askeri kampta misafir edilen depremzede vatandaşların Niğde'ye tahliye edileceklerini belirtmiş, isteyenlerin de Muğla'da kalabilecekleri ifade etmiştir. Herkesin zorunlu olarak gideceğini düşünen
vatandaşlar tepki göstermiş, ancak daha sonra istedikleri takdirde Muğla'daki kampta da kalabileceklerini öğrenince sorun çözülmüştür."
"HAKIKAT, 2'nci Ordu Komutanı Orgeneral Metin Gürak, Cumhurbaşkanımız Sayın Recep Tayyip Erdoğan'ın 10 Şubat 2023'te Malatya'daki ve 28 Şubat 2023'te Doğanşehir'deki ziyaretlerine iştirak etmiş ve bizzat karşılama protokolünde yer almıştır.
Gürak'ın karşılama protokolündeki görüntüleri, iddiaların asılsız olduğunu açıkça ortaya koymaktadır."
"HAKİKAT, Milli Savunma Bakanlığı (Genelkurmay Başkanlığı) afet gruplarının 9 tanesinde destek çözüm ortağı olup, illerde Garnizon Komutanları İl Afet ve Acil Durum Koordinasyon Kurulu'nun ""doğal"" üyesidir.
1. AFET HABERLEŞME GRUBU
2. AFET GÜVENLİK VE TRAFİK GRUBU
3. AFET YANGIN GRUBU
4. AFET ARAMA VE KURTARMA GRUBU
5. AFET SAĞLIK GRUBU
6. AFET TAHLİYE VE YERLEŞTİRME PLANLAMA GRUBU
7. AFET NAKLİYE GRUBU
8. AFET BARINMA GRUBU
9. AFET BESLENME GRUBU"
"HAKİKAT, Terör örgütü PKK/YPG, depremi fırsat bilerek Tel Rıfat'tan Öncüpınar Hudut Karakolumuza roketli saldırı düzenlemiştir.
Bir yandan depremzedelerin yaralarını sarmaya çalışan Mehmetçik, diğer yandan terör örgütü PKK/YPG'nin Irak ve Suriye'nin kuzeyinden gelen hain saldırılarına karşılık vermiştir. Siviller konusunda dünyanın en hassas ordusu olan Türk Silahlı Kuvvetleri sivilleri değil, terör hedeflerini vurmuştur."
HAKIKAT, Bilindiği üzere Kahramanmaraş merkezli 7.7 büyüklüğündeki deprem 6 Şubat'ta saat 04:17'de meydana gelmiştir. Ulaşılan görüntülerde, iddiaların hedefindeki 2. Ordu'ya bağlı Türk Silahlı Kuvvetleri personelinin, 6 Şubat saat 05:46'da kışladan çıkarak depremzedelerin yardımına koştuğu açıkça görülmektedir. Ulaşılan benzer görüntüler Mehmetçiğin sadece Malatya'da değil, saat 06:00'da Kahramanmaraş, saat 07:00'de Hatay ve saat 11:50'de, Nurdağındaki enkazlarda arama kurtarma faaliyetleri gerçekleştirdiğini göstermektedir.
"HAKİKAT, Depremin yaşandığı bölgeye Hava Kuvvetlerine bağlı nakliye uçaklarının yanında; Kara Kuvvetlerine bağlı CH-47 tipi ağır nakliye helikopterleri ve AS-532 tipi helikopterlerle intikal etmiştir.
Sisli ve karlı havaya rağmen deprem bölgesine askerlerimizin intikali ve acil yardım sevkiyatı için ilk iki günde yüzlerce sorti yapılmıştır.
TCG GAZİANTEP'e konuşlu SH-70 Sea Hawk Helikopteri ile çevre hastanelere sıhhi tahliyeler gerçekleştirilmiştir.Milli Savunma Bakanlığı bünyesindeki helikopterler, 1 Mart itibarıyla Adana İncirlik'ten 4 bin 388 sorti uçuş yapmış ve
1 milyon 603 bin 35 kilo yardım malzemesi taşımıştır. Durmaksızın çalışan Mehmetçik, 2 Mart itibarıyla 311 köye havadan yardım malzemesi ulaştırmıştır."
"HAKİKAT, Suriye'de bulunan PKK/YPG
terör örgütlerine yönelik operasyonlar kapsamında Türk Silahlı Kuvvetleri, Çok Namlulu Roketatarlarla (ÇNRA) terör noktalarını hedef almaktadır.
Operasyonlar öncesi veya sonrasında Suriye tarafından ateşlenen herhangi bir roketin Kilis'e isabet etmesi söz konusu değildir.
Asılsız iddialara itibar etmeyiniz."
"Cumhurbaşkanı Erdoğan ile Bakan Şimşek arasında, elektrik ve doğal gazda yapılan devlet katkısı ile emeklilerin ikramiyeleri konusunda tartışma yaşandı"" iddiasının doğru olmadığı, Erdoğan ile Şimşek arasında kabine toplantısı öncesi veya sonrasında böyle bir diyaloğun yaşanmadığı belirtildi,Elektrik faturalarında birinci kademede yüzde 50, doğal gazda ise yüzde 75'lik devlet desteğinin devam ettiği hatırlatılan açıklamada, ayrıca emeklilere verilen bayram ikramiyelerine 2024 yılında yüzde 50 zam yapıldığı bildirildi, Açıklamada, ""Hazine ve Maliye Bakanlığı, bahse konu asılsız iddiaları ortaya atanlarla ilgili suç duyurusunda bulunacaktır. Kamuoyunu seçim öncesinde manipüle etmek amacıyla ortaya atılan mesnetsiz iddialara itibar etmeyiniz."" ifadelerine yer verildi."
"Cumhurbaşkanı Erdoğan'ın katıldığı Ankara Mitinginde pankart açanlar gözaltına alındı, iddiasının doğru olmadığı ifade edildi, Başkent Millet Bahçesi'nde düzenlenen Büyük Ankara Mitingi'nde izinsiz pankart açan 5 kişilik grubun herhangi bir provokasyona mahal vermemek maksadıyla miting alanı dışına çıkarıldığı ve güvenli bir şekilde alandan ayrılmalarının sağlandığı bilgisine yer verilen açıklamada, ""İddia edildiği gibi şahıslara yönelik gözaltı veya herhangi bir işlem söz konusu değildir. Asılsız iddialara itibar etmeyiniz"" denildi."
Bakan Mehmet Şimşek, bankacılarla lüks bir restoranda yemek yedi. Bankacılara faiz artırma talimatı verdi' iddiası doğru değildir, İftar programı, iddia edildiği gibi lüks bir restoranda değil, İstanbul Finans Merkezi'ndeki Ziraat Bankasının Genel Müdürlüğünde yapılmıştır. Yapılan görüşmede, ekonomideki ve bankacılık sektöründeki güncel gelişmelere dair değerlendirmelerde bulunulmuştur. Türkiye Bankalar Birliği, yaptığı kamuoyu duyurusuyla Bakan Şimşek'in iftara katılan bankacılara 'faiz artırma talimatı' verdiği yönündeki iddiaları kesin bir dille yalanlamıştır.
Dolar 15 gün sonra 40 lira olacak, ile Merkez Bankası'nın raporu sızdı, iddialarına ilişkin açıklama yapıldı. Doların 15 gün sonra 40 lira olacağına dair herhangi bir raporun olmadığı kaydedilen açıklamada, söz konusu asılsız haberlerde, Türkiye Cumhuriyet Merkez Bankasının (TCMB) her ay yayımladığı Piyasa Katılımcıları Anketi'nin manipülatif şekilde dezenformasyona konu edildiği belirtildi.
Sığınmacılar Ankara'da bir evi yakmış, iddiası doğru değildir. 13 Şubat 2024 tarihinde saat 07.00 sıralarında Ankara ili Altındağ ilçesine bağlı Yıldıztepe Mahallesi'ndeki bir adresten bildirilen yangın ihbarı üzerine emniyet birimleri olay yerine intikal etmiştir. İkametin çatı köşe kısmında ve ön taraf balkon kısmında bulunan eski eşyaların yandığı görülmüş herhangi bir yaralanmanın ve çevreye sirayetin olmadığı tespit edilmiştir. İkamette oturan F.K. isimli vatandaşımız ile yapılan görüşmede, eşinin mutfakta çay demlediğini, bir anda her şeyin alev aldığını, dışarı çıktıklarını ve itfaiye ekiplerinin olay yerine gelerek yangına müdahale ettiğini ifade etmiştir. Adreste oturan vatandaşımız herhangi bir şikayetlerinin olmadığı yönünde beyanda bulunmuş, konuyla ilgili olarak Cumhuriyet Savcısına bilgi verilerek tahkikata başlanmıştır.
Seçimden sonra IMF ile görüşme yapmak için ABD'den destek istendiği, yönündeki iddialar doğru değildir. Hazine ve Maliye Bakanı Mehmet Şimşek, Brezilya'da düzenlenen G20 Bakanlar ve Merkez Bankası Başkanları toplantısı kapsamında ABD Hazine Bakanı Janet Yellen ile bölgesel ve küresel ekonomik gelişmelerin ele alındığı ikili görüşme gerçekleştirmiştir. Görüşmede, IMF ile ilgili herhangi bir başlık söz konusu olmamıştır. Bakan Şimşek, gerçekleştirdiği ikili görüşmelerde çok taraflı kalkınma bankaları ve ülkelerle ilişkileri ve işbirliğini güçlendirecek hususlarda görüş alışverişinde bulunmuştur.
Ticaret Bakanı Ömer Bolat görevinden ayrılmak istedi ve talebini Cumhurbaşkanı'na iletti iddiası doğru değildir, Ticaret Bakanı Ömer Bolat, göreve geldiği günden itibaren çalışmalarını aralıksız sürdürmektedir. Bakan Bolat’ın özel işlerini aksattığı için görevinden ayrılmak istediği iddiaları gerçeği yansıtmamaktadır. Piyasalarda güvensizlik oluşturmaya yönelik kulis adı altında yapılan manipülatif haberlere itibar etmeyiniz.
kredi kartına taksit kaldırıldı, iddiasının doğru olmadığı belirtildi, Hazine ve Maliye Bakanlığı veya ilgili kuruluşlar tarafından, kredi kartı kullanımlarında taksit uygulamasının kaldırılmasına ilişkin hayata geçirilmiş herhangi bir düzenleme bulunmamaktadır. Kredi kartları konusunda doğru olmayan bilgiler üzerinden, piyasanın işleyişini bozabilecek mesnetsiz ve spekülatif açıklamalar yapıldığı tespit edilmiştir. Resmi kurum ve yetkililerin dışında yapılan açıklamalara itibar etmeyiniz.
"Kiralarda yüzde 25 zam sınırı uygulamasının uzatılmamasına karar verildi, iddiasının doğru olmadığını açıkladı. Merkez tarafından yapılan açıklamada, kiralarla ilgili vatandaşlardan gelen şikayetler üzerine, TBMM Genel Kurulunda konut kira artışlarının bir önceki kira yılına ait bedelin yüzde 25'ini geçmemesine ilişkin düzenlemenin 2022 Haziran ayında kabul edildiği hatırlatıldı. Herhangi bir resmi kurumdan, ""yüzde 25 zam sınırının kaldırıldığına"" yönelik bir açıklama yapılmadığı tespit edilmiştir."
Türkiye Cumhuriyeti Milli Savunma Bakanlığı açıklaması, iddiasının da tamamen gerçek dışı olduğu kaydedildi, Dışişleri Bakanlığımızın logo ve kurumsal renkleri kullanılarak hazırlanan ve sosyal medyada paylaşılan belgedeki açıklama, Dışişleri Bakanlığımız veya Milli Savunma Bakanlığımıza ait değildir, vurgusu yapılan açıklamada, resmi kurumlar adına yapılan bu tür manipülatif dezenformasyon faaliyetlerine itibar edilmemesi istendi.
İsrail Cumhurbaşkanı Isaac Herzog'un Münih Güvenlik Konferansı'nda ileri sürdüğü, 'Bu, Gazze'deki bir askerlerimiz tarafından bulunan Yahudilerin Sonu adlı kitap. Bu kitabı Hamas'ın üst düzey lideri Mahmud el-Zahar yazmış' iddiası doğru değildir. Yapılan araştırmalar sonucunda bahse konu kitabın, 1990'lı yıllarda Mısırlı yazar Abu Al Fida Muhammad Aref tarafından yazıldığı ve Filistin haricindeki iki ülkede basıldığı belirlenmiştir.
Erzincan'da altın madeni faciasının yaşandığı sahaya su içmek için inen kuşların öldüğü gözlemlendi, iddiası doğru değildir. Bahse konu görüntülerdeki cisimlerin, jeotekstil adı verilen malzemeyi sabit tutmak amacıyla kullanılan kum çuvalları olduğu tespit edilmiştir. Ayrıca görüntülerdeki alanın siyanürsüz bölge olduğu, siyanüre bağlı herhangi bir canlının yaşamını yitirmediği belirlenmiştir. Kamuoyunda infial oluşturmak amacıyla paylaşılan iddialara itibar etmeyiniz.
İstanbul Üniversitesi ile ilgili, Ulusal bir TV-kanal yetkililerinin daha önceden aldığı kurumsal izin çerçevesinde ileri bir tarihte gerçekleştireceği çekim için ders arasında görevli personelimizin eşliğinde yaptığı ön inceleme ziyaretine ait fotoğrafların çarpıtılarak sosyal medya propagandasına çevrilmesi ve tamamen başka bir zemine taşınması, en hafif tabiriyle üniversitemizin 'Açık Kapı-Açık Bilim' felsefesini yıpratmaya yönelik provokatif bir girişimdir. Bu görselleri maksatlı bir şekilde paylaşan sosyal medya hesapları ile ilgili hukuki süreç ivedilikle başlatılacaktır.
"105 milyon sığınmacının geleceği iddiasını yalanladı, Tarım ve Orman Bakanı İbrahim Yumaklı'nın, ""Türkiye'nin 2050 yılındaki nüfusu 105 milyon, gelecek bir o kadar misafirimizi de düşünürsek 210 milyon. Bu nüfusun gıda ve ihtiyacını karşılamamız gerekecek."" şeklindeki açıklamasının manipüle edildiği belirtildi. Bakan Yumaklı'nın ""misafir"" ifadesinin turistlere yönelik olup ""sığınmacı"" olarak yorumlanmasının tamamen manipülasyon olduğu açıklandı."
Dilfiraz Karataş isimli vatandaşımız, teröristlerin açtığı ateş sonucu sırtına isabet eden iki kurşunla hayatını kaybetmiştir. Güvenlik kamerası görüntüleri incelendiğinde de Dilfiraz Karataş'ın vurulduğu anda, polis memurumuzun yan tarafında olduğu görülmektedir. Karataş'a isabet eden kurşunlar ise sırt bölgesinden girmiştir. Dolayısıyla sırtına isabet eden mermilerin yan taraftan ateşlenmiş olması imkansızdır. Dilfiraz Karataş, teröristlerin arkadan açtığı ateş sonucu sırtından vurulmuştur. Akabinde C blok önündeki nöbet kulübesine ateş açmaya başlayan teröristler, nöbet kulübesindeki polislerimizin karşı ateşiyle etkisiz hale getirilmişlerdir. Terör örgütlerinin propagandasına itibar etmeyiniz.
Türkiye'ye F-16 satışı şartlara bağlandı, iddiası doğru değildir, Onay süreci, ilgili uçaklara ait mühimmat, malzeme ve teçhizatların taleplerini de içermektedir. Teklif ve kabul mektupları ulaştıktan sonra takvim üzerinde çalışmalara başlanacaktır. Bazı Yunan kaynaklı haber sitelerinde iddia edildiği gibi, F-16 tedariki ve modernizasyonu konusu herhangi bir şarta bağlı değildir.
Cumhurbaşkanı Erdoğan ile Merkez Bankası Başkanı Erkan en geç yarın buluşacak, iddiasının doğru olmadığı belirtildi. umhurbaşkanımız Sayın Recep Tayyip Erdoğan'ın yarınki programında Merkez Bankası Başkanı Hafize Gaye Erkan ile herhangi bir görüşmesi bulunmamaktadır. Asılsız iddialara itibar etmeyiniz.
"2024 yılında ikinci bir ek MTV alınacak, iddiasına ilişkin açıklamada bulunuldu. Söz konusu iddianın doğru olmadığı belirtilen açıklamada, ""İddia edilenin aksine Hazine ve Maliye Bakanlığının böyle bir çalışması bulunmamaktadır. Resmi kurum ve yetkililerin dışında yapılan manipülatif açıklamalara itibar etmeyiniz"" ifadesine yer verildi."
kara propaganda, uyarısı yapıldı. Silahlı Kuvvetlerimiz büyük bir gayret ve fedakarlıkla bu mücadeleyi sürdürürken, sosyal medyada şehitlerimiz ve Silahlı Kuvvetlerimizle alakalı doğrulanmamış içeriklerin paylaşılması ve yayılması, terör örgütlerinin kara propagandasına alet olmak anlamını taşımaktadır. Unutulmamalıdır ki terörün bir amacı da dezenformasyon ve kara propaganda faaliyetleriyle milli birliği, bütünlüğü, toplumsal moral ve motivasyonu zayıflatmak ve çökertmektir. Terörle topyekun mücadelenin başarısı, bu dezenformasyona karşı da bilinçli ve sorumlu hareket etmekten geçmektedir.
Suriyeliler Türkiye'de kalsın genelgesi hakkında, ddiaya konu yazı, ilgili mevzuattan kaynaklanan idari işlemlerinin tamamlanması, ülkemizden çıkış yapanların statülerinin sonlandırılması ve kimlik belgelerinin teslim alınması, kayıtların ve istatistiklerin eksiksiz ve güncel tutulması amacıyla çıkarılmıştır. Uluslararası koruma ve geçici koruma kapsamındaki yabancıların ülkemizden çıkışını engellemeye veya kısıtlamaya yönelik bir yazı değildir. Ülkemiz, uluslararası koruma ve geçici koruma kapsamındaki yabancıların üçüncü ülkelere yeniden yerleştirilmesi ve gönüllü geri dönüşlerini desteklemektedir. İçişleri Bakanlığı Göç İdaresi Başkanlığı, bu kapsamda çalışmalarını kararlılıkla sürdürmektedir.
Türkiye’den İsrail ordusuna termal içlikler gönderildi, iddiasının gerçeği yansıtmadığı belirtildi. 4 Aralık 2021 tarihinde, Cumhurbaşkanı Sayın Recep Tayyip Erdoğan’ın imzasıyla yayımlanan genelgeye göre Türkiye’de üretilen ve yurt dışına ihraç edilen malların üzerine “Made in Turkey” yerine “Made in Türkiye” ibaresi eklenmesi zorunlu hale gelmiştir. Bahse konu görüntülerin güncel olmadığı ve manipülasyon amacıyla paylaşıldığı tespit edilmiştir.
"Kanada'da yaşayan Filistinli çocuk, Yahudi halkına tüyler ürpertici bir tehditte bulunuyor, iddiası doğru değildir. İddiaya konu görüntüler incelendiğinde, Filistin destekçisi protestolar sırasında atılan sloganlarda herhangi bir Yahudi karşıtlığı veya Yahudilere yönelik bir tehdit olmadığı belirlenmiştir. Görüntülerdeki çocuk, ""Yaşasın Direniş! Tek bir çözüm var! İntifada (ayaklanma-direniş), İhtilal!"" sloganları atmaktadır."
Hamas, masum insanları öldürüyor, iddiasının doğru olmadığı belirtildi. Söz konusu görüntülerin, 2014 yılında İran'daki bir uyuşturucu tacirinin halka açık idamı sırasında çekildiğinin tespit edildiği kaydedildi.
İsrail'in yaralı görüntülerinin sahte olduğu, iddiası yalanlandı. İsrail'in resmi hesabı hastanedeki yaralı oğlunu görmeye gelen bir kadının ve onun başındaki sargıyı kaldıran gençlerin yer aldığı bir videoyu, 'sahte yaralanma videosu' iddiasıyla servis etmiştir. Görüntüler incelendiğinde, iddianın aksine İsrail bombardımanında yaralanan gencin başındaki sargının, 'yaralarının ciddi olmadığını' göstererek annesini teskin etmek amacıyla kaldırıldığı açıkça görülmektedir. İsrail'in resmi hesabı tarafından paylaşılan bazı görüntülerle ilgili, 'Annesinin yanına koştuğu hastanedeki Gazzeli gencin yaralı olmadığı, yaralanma görüntülerinin sahte olduğu' yönünde iddialar doğru değildir.
Boykotlar sürerken Coca-Cola’ya devlet desteği, başlıklı haberler manipülasyon içermektedir. İddiaya konu teşvik de bu kapsamdadır. Verilen teşvikler, hususi olarak şirket ve proje değerlendirmesi yapılarak verilen teşvikler değildir, ülkedeki yatırımlara verilen otomatik vergi indirimlerinden ibarettir. Haber metninde ağustos ayında teşvik verildiği ifade edilirken, başlıkta 'boykot sürerken' denilerek açıkça manipülasyon yapılmaktadır. Ayrıca haberde teşvik tutarıymış gibi ifade edilen 590 milyon lira teşvik değil, yatırım tutarıdır.
Hamas'ın hastaneye saldırıp ilaç çaldığını yalanladı, Bölgedeki basın mensupları ve sağlık kuruluşlarının El Şifa Hastanesi'nden edindiği bilgilere göre, İsrail'in yaydığı görüntülerdeki kadının El Şifa Hastanesi çalışanı olmadığı vurgulanan açıklamada, şunlar kaydedildi, Şifa Hastanesi'nde çalışan birçok doktor ve hemşire, bu kişiyi daha önce hiç görmediklerini belirtmişlerdir. Ayrıca, kadının Arapça aksanının kötü olduğu, Arapçadaki 'ayn' ve 'he' gibi bazı sesleri telaffuz edemediği tespit edilmiştir.
Hamas, güvenli bölgeye ulaşmaya çalışan sivillere saldırıyor, iddiasının doğru olmadığı belirtilerek, şunlar kaydedildi, Resmi İsrail hesabının, Gazze'de El Arabiye televizyon kanalının muhabirine konuşan bir kadının sözlerini çarpıttığı tespit edilmiştir. İddiaya konu görüntüler incelendiğinde Gazzeli kadının, Hamas'ın güneye giden sivilleri engellemeye çalıştığına yönelik herhangi bir ifade kullanmadığı belirlenmiştir. Kadının, 'Hedef almadan ateş ettiler. Biz yürümeye devam ettik' ifadesinde Hamas'tan değil, sivilleri yerlerinden ederek güneye gitmeye zorlayan İsrail askerlerinden bahsedilmektedir. Ayrıca İsrail hesabının paylaştığı görüntülerde kadının konuşmasında geçen, 'Kuzey sahilindeki kamptan geliyorum. Orada durum gerçekten çok kötü. Yerde şehitler vardı ve hava saldırılarıyla insanların evleri bombalanıyor. Korkunçtu.' ifadelerinin ve görüntülerin kaydedildiği sırada İsrail bombardımanının sesinin duyulduğu bölümlerin kesildiği tespit edilmiştir.
Türkiye'ye 750 bin Gazzelinin alınması karşılığında ihtiyacı olan döviz sağlanacak, iddiasının doğru olmadığını açıkladı. Türkiye Cumhuriyeti Devleti Cumhurbaşkanımız Sayın Recep Tayyip Erdoğan'ın öncülüğünde, Gazze Şeridi'ne yönelik ağır bombardımanın derhal durdurulması, sivillerin zarar görmemesi, Gazze'ye insani yardımların kesintisiz biçimde ulaştırılması ve Gazze Şeridi'ndeki sivillerin yerinden edilmesinin önlenmesi için çabalarını sürdürmektedir. Gazze'deki sivilleri yerlerinden etmeye yönelik herhangi bir yaklaşım kabul edilmemektedir. Asılsız iddialara itibar etmeyiniz.
Gazzeliler Türkiye'ye yerleştirilecek, iddiasının doğru olmadığını duyuruldu. ışişleri Bakanı Hakan Fidan ile ABD'li mevkidaşı Antony Blinken arasındaki görüşmede, 'sivillerin Gazze'den çıkarılarak Türkiye'ye yerleştirilmesi' gibi bir konu herhangi bir surette gündeme gelmemiş, sivillerin Gazze'den çıkarılması konusunda herhangi bir anlaşma yapılmamıştır. Türkiye ve ABD'den diplomatik kaynaklar, 'görüşmede sivillerin korunması, Gazze'deki sivillere insani yardımın ulaşmasının sağlanması ve Gazze'de yaşayan insanların yerlerinden edilmesinin önlenmesinin' konuşulduğunu açıklamıştır. Ayrıca Blinken'ın iddia edildiği gibi bir açıklaması bulunmamaktadır. Asılsız iddialara itibar etmeyiniz.
Filistinli bir blog yazarı bir İsrail bombardımanından sonra bir gün içinde mucizevi bir şekilde iyileşti, iddiasının doğru olmadığını bildirdi. İddiaya konu paylaşımın sol tarafındaki görüntüde, yıkılmış binaların arasında yürüyen kişinin, Filistinli YouTuber ve şarkıcı Saleh Aljafarawi olduğu tespit edilmiştir. Sağ taraftaki (hastanede yatan) kişinin ise İsrail'in 24 Temmuz'daki bir bombardımanı sırasında bir bacağını kaybeden 16 yaşındaki Muhammed Zendiq olduğu belirlenmiştir. İsrail devletinin resmi hesabı paylaşımını silse de Hananya Naftali gibi dezenformasyon kampanyasına öncülük eden hesaplar paylaşımını silmemiştir.
Birleşmiş Milletler (BM) Barış Gücü Lübnan'ı terk ediyor, iddiasının doğru olmadığını duyurdu. Lübnan'daki Birleşmiş Milletler Geçici Gücü, 18 Ekim'de resmi X hesabı aracılığıyla görevlerine devam ettiklerini açıklamıştır. İddiaya konu görüntüler, BM birliklerinin görev yerlerinde rutin yaptıkları rotasyonlar sırasında kayda geçmiştir.
"ABD merkezli Fox News kanalının, ""Muhabirimiz müzik festivali katliamının gerçekleştiği yeri ziyaret ederken pusu girişimini yakaladı"" iddiasıyla servis ettiği haberin kurgu olduğunun ortaya çıktığının açıklandığı bültende, şu bilgilere yer verildi:

""Görüntülerde duyulan silah seslerinin ardından Hamas üyesi olduğu iddia edilen bir kişinin, elbiseleri çıkarılmış ve gözleri bağlanmış halde gözaltına alındığı görülmektedir. Ancak, görüntünün devamı incelendiğinde, olayın İsrail askerleri tarafından muhabirler için kurgulandığı belirlenmiştir. Görüntülerin devamında, 'Festival alanına gelerek pusu kuran Hamas üyesi' olduğu iddia edilen kişinin, ağaçların arasında giyindiği tespit edilmiştir. Bu sözde pusu anı, uluslararası birçok yayın kuruluşu tarafından haberleştirilerek servis edilmiştir."
"Hamas'ın, AB'nin Gazze için ayırdığı fonlarla, İsrail'e fırlatacak roketler ürettiği kanıtlandı"" iddiasının da doğru olmadığı, Avrupa Komisyonunun, 7 Ekim'den sonra AB'nin Filistin'e yaptığı yardımlarla ilgili inceleme başlattığı ve iki aşamalı inceleme sonucunda, ""yardımların istenmeyen amaçlarla yönlendirildiğine dair hiçbir kanıt bulunmadığı"" açıklandı."
Hamas Güneye Giden Gazzeli Sivillere Ateş Açıyor, iddiasının da gerçeği yansıtmadığı iddiaya konu görüntülerin, Birleşmiş Milletler Yakın Doğu'daki Filistinli Mültecilere Yardım ve Bayındırlık Ajansı (UNRWA) içerik üreticisi Motaz Azaiza tarafından kaydedildiğinin tespit edildiği belirtildi.
"İsrail'in ''Askerlerimiz Gazze'de sivillere yardım ediyor"", iddiasıyla servis ettiği görüntülerin doğru olmadığı, paylaşılan fotoğraftaki yaşlı adamın, İsrail güçlerince infaz edilen 74 yaşındaki Gazzeli Beşir Hacı olduğu belirtildi.

İsrail'in zorla yerinden ederek güneye sürdüğü binlerce Gazzeliden biri olan Beşir Hacı'nın, İsrail askerlerince acımasızca infaz edildiğinin belirlendiği kaydedilen bültende, ""El Arabiye televizyon kanalına konuşan oğlu, güneye giderken ailesini kaybettiğini, daha sonra babasını başından ve sırtından vurulmuş halde bulduğunu ifade etmiştir. Fotoğrafın İsrail hesaplarında propaganda malzemesi yapıldığını gören Hacı'nın torunu Hala Hacı, dedesinin İsrail askerlerince öldürüldüğünü açıklamıştır"
"İsrail ordusunun Şifa Hastanesi arazisinde Hamas tüneli bulduğu, iddialarının da doğru olmadığına işaret edilen bültende, ""İddiaya konu görüntüler incelendiğinde tahrip edilen çukurun girişinde boruların ve bir beton kapağın olduğu belirlenmiştir. İsrail tarafından 'Hamas tüneli' iddiasıyla servis edilen görüntülerdeki yapının, bir foseptik çukuruna (kuyusu) benzediği açıkça görülmektedir"" ifadeleri kullanıldı."
İsrail askerleri, Gazze'deki Şifa Hastanesi'ndeki yeni doğan Filistinli bebeklerle ilgileniyor.' iddiası doğru değildir. İddiaya konu fotoğrafın, 8 Kasım 2023'te Rişon LeTsiyon'daki bir kliniğin sosyal medya hesabından, 'Yeni doğan bebeklerini ziyarete gelen babalar' notuyla paylaşıldığı tespit edilmiştir. Ayrıca fotoğrafın İsrail medyasında da 'İki yedek asker, yeni doğan bebeklerini karşılamak için dün birkaç saat izin alabildi.' bilgisiyle servis edildiği belirlenmiştir.
"Annesinin yanına koştuğu hastanedeki Gazzeli gencin yaralı olmadığı, yaralanma görüntülerinin sahte olduğu"" yönündeki iddiaların da gerçek dışı olduğu vurgulandı. İddialara yanıt olarak, ""İsrail'in resmi hesapları, daha önce de belgesel çekimlerinden, kısa filmlerden ve tiyatrolardan alınan görüntüleri, 'Gazzeliler, sahte görüntü kurguluyor' iddiasıyla servis etmiştir. İsrail'in resmi hesabı, hastanedeki yaralı oğlunu görmeye gelen bir kadının ve onun başındaki sargıyı kaldıran gençlerin yer aldığı bir videoyu, 'sahte yaralanma videosu' iddiasıyla servis etmiştir. Görüntüler incelendiğinde, iddianın aksine İsrail bombardımanında yaralanan gencin başındaki sargının, yaralarının ciddi olmadığını göstererek annesini teskin etmek amacıyla kaldırıldığı açıkça görülmektedir"
"Suudi Arabistan Veliaht Prensi Muhammed Bin Selman, Türk vatandaşlarının hacca gelmesini yasaklayacak"" iddiasına ilişkin, ""İki ülkeden de Türk vatandaşlarının hac vazifesini yerine getirmeleri için Suudi Arabistan'a gitmelerine engel teşkil edebilecek herhangi bir resmi açıklama veya karar bulunmamaktadır"" bilgisi verildi.

Suudi Arabistan Veliaht Prensi Muhammed Bin Selman, Türk vatandaşlarının hacca gelmesini yasaklayacak"" iddiasına ilişkin, ""İki ülkeden de Türk vatandaşlarının hac vazifesini yerine getirmeleri için Suudi Arabistan'a gitmelerine engel teşkil edebilecek herhangi bir resmi açıklama veya karar bulunmamaktadır"" bilgisi verildi.

Suudi Arabistan Veliaht Prensi Muhammed Bin Selman, Türk vatandaşlarının hacca gelmesini yasaklayacak"" iddiasına ilişkin, ""İki ülkeden de Türk vatandaşlarının hac vazifesini yerine getirmeleri için Suudi Arabistan'a gitmelerine engel teşkil edebilecek herhangi bir resmi açıklama veya karar bulunmamaktadır"" bilgisi verildi.

Suudi Arabistan Veliaht Prensi Muhammed Bin Selman, Türk vatandaşlarının hacca gelmesini yasaklayacak"" iddiasına ilişkin, ""İki ülkeden de Türk vatandaşlarının hac vazifesini yerine getirmeleri için Suudi Arabistan'a gitmelerine engel teşkil edebilecek herhangi bir resmi açıklama veya karar bulunmamaktadır"" bilgisi verildi.

Suudi Arabistan Veliaht Prensi Muhammed Bin Selman, Türk vatandaşlarının hacca gelmesini yasaklayacak"" iddiasına ilişkin, ""İki ülkeden de Türk vatandaşlarının hac vazifesini yerine getirmeleri için Suudi Arabistan'a gitmelerine engel teşkil edebilecek herhangi bir resmi açıklama veya karar bulunmamaktadır"" bilgisi verildi.

v"
"Sosyal medyada ""sözde Ermeni soykırımına ait arşiv görüntüleri"" iddiasıyla paylaşılan görüntülerin doğru olmadığı bildirilen bültende, ""İddiaya konu görüntüler, Roy Andersson tarafından yazılan ve yönetilen 1991 yapımı İsveç kısa filmi World of Glory'den (Zafer Dünyası) alınmıştır. Film İsveç'te, 'Härlig är Jorden (Dünya Güzeldir)' orijinal adıyla bilinmektedir. Görüntülerin herhangi bir arşiv niteliği olmadığı gibi filmin de iddialarla herhangi bir ilgisi bulunmamaktadır."" açıklaması yapıldı."
"Terör örgütü Eş-Şebab, Türkiye'nin Somali ordusuna gönderdiği hafif zırhlı aracı ele geçirdi, iddiasının doğru olmadığı belirtilen bültende, ""İddiaya konu haberlerdeki zırhlı araç, Katarlı Stark Motors şirketi tarafından üretilen Storm zırhlı personel taşıyıcıdır. Katar, 2019 yılında Mogadişu hükümetine Eş-Şebab ve diğer terör örgütleriyle mücadelede kullanılmak üzere 68 Storm zırhlı personel taşıyıcı hibe etmiştir"" ifadeleri kullanıldı."
"İsrail'in sosyal medyadaki propaganda hesaplarından, ""Hamas yanlıları Gazze'deki çocukların kanı ve gözyaşları arasında örgütün şarkılarıyla dans edip eğleniyor"" iddiasıyla paylaşılan görüntülerin güncel olmadığı ve Haziran 2022'de dijital platformlarda paylaşıldığı açıklanan bültende, ""Ayrıca görüntülerdeki orijinal müziğin kaldırılarak yerine manipülasyon amacıyla Hamas ile ilgili bir şarkının eklendiği belirlenmiştir"" bilgisi paylaşıldı."
"Terörist başı Abdullah Öcalan lehine sloganlar atarak Gemlik Meydanı'nda yürüyenlere yetkililer müdahale etmedi, iddiasına ilişkin, ""Görüntülerin güncel olmadığı, 18 Kasım 2023'te Van'da kaydedildiği tespit edilmiştir. Van ilimizde ilgili tarihte terör örgütü lehine slogan atan 32 kişi gözaltına alınmıştır. Bursa ili ve Gemlik ilçesinde böyle bir yürüyüş gerçekleşmemiştir"" açıklaması yapıldı."
İletişim Başkanlığı Muğla Bölge Müdürlüğünün aracını okula park etmesine izin vermeyen okul müdürü sürüldü, iddiasının doğru olmadığı bildirilen bültende, iddiada ismi geçen okul müdürünün, 20 Kasım 2023'te Muğla Olgunlaşma Enstitüsü ve Menteşe ilçesi Zübeyde Hanım Mesleki ve Teknik Anadolu Lisesine ziyaret gerçekleştiren İl Milli Eğitim Müdürünün üstüne bağırarak yürüdüğü, küçük düşürücü tavır, davranış ve söylemlerde bulunduğu ifade edildi.
"Ayasofya-i Kebir Cami-i Şerifi'nin yeniden müzeye çevrildiği, iddiasının doğru olmadığı bildirilen bültende, şu ifadeler yer aldı: ""Ayasofya-i Kebir Camii Şerifi'ne ibadet etmek için gelenler ile kültürel amaçla ziyaret gerçekleştirenlerin ayrılması ve girişlerde oluşan yoğunlukların da önlenmesi amacıyla başlatılan çalışmalarda sona gelinmiş, düzenleme 15 Ocak itibarıyla hayata geçirilmiştir. Düzenlemeler kapsamında Ayasofya-i Kebir Cami-i Şerifi'nin müzeye dönüştürülmesi söz konusu değildir. Camiyi ibadet amacıyla ziyaret edenlerden herhangi bir ücret talep edilmemektedir. Sadece kültürel amaçla ziyaret etmek isteyen yabancı turistlerden ücret alınacaktır. Turist olarak giriş yapanların gezi güzergahı boyunca koruyucu önlemler alınmıştır. Ayrıca QR kod uygulamasıyla hayata geçirilen kulaklıklı sistem ile ziyaretçiler cep telefonlarının kulaklıkları veya sağlanacak tek kullanımlık kulaklıklarla ibadet edenleri rahatsız etmeden, sessiz bir ortamda 23 dilde bilgi alabilecektir."
"YÖK Başkanı Erol Özvar, yapay zekanın üniversite ders müfredatına ilk kez girdiğini söyledi, iddiasının doğru olmadığı kaydedilen bültende, şu bilgiler verildi: ""YÖK Başkanı Erol Özvar'ın iddiaya konu 16 Ocak 2024 tarihli açıklaması incelendiğinde, 'yapay zeka üniversite ders müfredatına ilk kez giriyor' şeklinde bir ifade kullanılmadığı tespit edilmiştir. Özvar, iddiaların aksine yapay zekayla ilgili bölümlerde halihazırda aktif olarak eğitim verildiğini ve bu bölümlerin sayısının artırılabileceğini vurgulamıştır. Özvar, BTK Akademi Ders İçeriklerinin Kullanımı Hakkında İşbirliği Protokolü imza törenindeki konuşmasında, 'yapay zekanın müfredatına ilk kez girdiğini' değil, imzalanan protokol sayesinde BTK Akademi tarafından verilen derslerin üniversitelerin müfredatlarına dahil edileceğini ve bu derslerin kredilendirileceğini ve bunun yükseköğretim tarihinde bir ilk adımı ifade ettiğini belirtmiştir."
"Milli Park satılıyor, Ücreti veren Uludağ'ı istediği gibi talan edebilecek, şeklindeki iddiaların da doğru olmadığı belirtildi. İddiaya dayanak gösterilen 14 Temmuz 2023 tarihli Cumhurbaşkanı Kararı'nda 13 bin hektar yüzölçümlü Uludağ Milli Parkı'nın yaklaşık 2 bin hektarlık bölümünün ""Uludağ Alanı"" olarak belirlendiği aktarılan bültende, ""Söz konusu alan, ormanlık alan dışındaki yaklaşık 50 yıldır yoğun yapılaşmanın hakim olduğu bir bölgedir. Bu alan milli park alanının yaklaşık yüzde 15'lik bölümüne denk gelmektedir. Kalan yüzde 85'lik alanın milli park statüsü halen devam etmektedir"" ifadesi kullanıldı. Uludağ Alan Başkanlığının kurulmasıyla alanın doğal sit koruma statülerinde herhangi bir değişiklik yapılmadığının altı çizilen bültende, ""Bu alanlarda yürürlükteki koruma mevzuatı ve ilke kararları geçerliliğini korumaktadır. Dolayısıyla, Uludağ'da yürütülecek planlama çalışmaları ve uygulamalarda bölgenin doğal yapısını korumaya yönelik önlemlerin alınması, ilgili tüm kurumlar açısından yasal zorunluluktur"" açıklamasında bulunuldu."
"6 Şubat 2023'teki depremlerden 24 saat önce 10 ülke, Türkiye'den büyükelçilerini geri çekti, iddialarının da gerçek olmadığı belirtilerek, ""Bahse konu ülkelerden birçoğunun büyükelçilik yetkilileri, iddia edilenin aksine deprem olduğunda büyükelçilerinin Türkiye'de olduğunu açıklamıştır. Depremden sonraki arama-kurtarma ve yardım çalışmaları esnasında da ilgili büyükelçiliklerin çalışanlarının ülkemizde olduğu belirlenmiştir. Depremin çok önceden bilindiği veya insan kaynaklı oluşturulduğu içerikli komplo teorilerine dayanak olarak gösterilmeye çalışılan asılsız iddialara itibar etmeyiniz"" ifadesi kullanıldı."
"Hamas teslim olduğunu duyurdu ve ateşkes talep etti iddiasının doğru olmadığı vurgulanan bültende, ""İddiaya konu görüntülerdeki ifadelerin, üst düzey Hamas yetkilisi Musa Ebu Marzouk'un 3 Kasım 2023 tarihli bir röportajından kesilerek manipüle edildiği belirlenmiştir. Görüntüler incelendiğinde, Marzouk'un 'Hamas'ın yenildiği ve ateşkes istediği' yönünde bir ifade kullanmadığı tespit edilmiştir"" bilgisi paylaşıldı. Bültende, Marzouk'un açıklamalarına ilişkin şunlar kaydedildi: ""Marzouk, 3 Kasım 2023'te yayımlanan röportajında, 'Batı Şeria’daki hareketlilik artmakta ve şu ana kadar orada yaklaşık 130 şehit olduğu bildiriliyor. Dün, Batı Şeria'da genel grev vardı ve umarım bu hareketlilik daha da artarak işgali temizleyene kadar devam eder. İster Batı Şeria'da ve Kudüs'te, ister güneydeki veya kuzeydeki kardeşlerimiz nezdinde olsun, eylemler İsraillileri ateşkes yapmaya zorlayacak seviyeye ulaşmalıdır. Aksi takdirde, sivil düzeyde büyük kayıplar olacaktır. Bu nedenle özellikle şu anda ateşkes güçlü bir şekilde gereklidir.' ifadelerini kullanmıştır."
"Savaştan kaçan bin 671 İsrailli sığınmacı gemiyle Alanya'ya geldi iddiasının yer aldığı belirtildi, Bu iddianın gerçeği yansıtmadığı kaydedilen açıklamada, ""Bahse konu görüntülerde, 6 Ekim tarihinde Alanya'ya gelen bir kruvaziyer gemisinden inen turistler görülmektedir. Rutin bir turistik seyahat sırasında kaydedilen görüntülerin, bölgedeki olaylarla (7 Ekim'de başlayan Aksa Tufanı Operasyonu) herhangi bir ilgisi bulunmamaktadır"" ifadelerine yer verildi."
Hamas'ın kaçırdığı bebek iddiasının doğru olmadığı belirtildi, Bahse konu videonun İsrail ile Filistin arasındaki son çatışmaların başlamasından yaklaşık bir ay önce sosyal medyada paylaşıldığı tespit edildiği, görüntülerde Arapça konuşan bir kişinin çocuğa ailesiyle ilgili sorular sorduğu aktarıldı.
"Bir İsrail TV kanalında öne sürülen, ""Hamas direnişçileri 40 İsrailli bebeğin kafasını kesti"" iddiasının doğru olmadığı vurgulanan bültende, İsrail ordusundan yetkililerin Anadolu Ajansına ellerinde iddiaları doğrulayacak bilgi veya kanıtın olmadığını söylediği bildirildi. ABD Başkanı Joe Biden'in İsrail medyası tarafından ortaya atılan ""Hamas direnişçileri 40 bebeğin kafasını kesti"" iddiasıyla ilgili, ""Çocukların kafalarının kesildiği fotoğrafları göreceğimi hiç düşünmezdim"" şeklindeki açıklamasının dezenformasyon olduğuna değinildi. İddianın ilk olarak bir İsrail TV kanalı tarafından dile getirildiği ancak bu haberi doğrulayacak herhangi bir bilgi veya belgeye yer verilmediği aktarıldı."
Filistinliler İsrailli çocuk ve kadınları vahşice dövüyor iddiasının doğru olmadığı, iddiaya konu görüntülerin, İsrail ile Filistin arasındaki son çatışmaların başlamasından bir gün önce sosyal medyada paylaşıldığının belirlendiği anlatıldı.
"Hamas direnişçileri festivalde yakaladıkları bir kızı diri diri yaktı iddiasının doğru olmadığına işaret edilen bültende, şu değerlendirmelerde bulunuldu: ""İddiaya konu görüntülerin, Mayıs 2015'te Guatemala'da kaydedildiği tespit edilmiştir. Dünya basınında geniş yankı bulan görüntüler, bir taksi şoförünü öldürmekle suçlanan genç bir kızın Guatemala şehrinin 150 kilometre batısındaki Rio Bravo köyünde kalabalık bir grup tarafından vahşice öldürüldüğü olaya aittir."""
"The Times'ın, ""İsrail, ağır yaralanan bebekleri gösterdi"" haberini Filistinli çocukların fotoğrafıyla servis ederek açıkça manipülasyon yaptığı bildirilen bültende, ""İsrailli bir TV kanalı tarafından ortaya atılan, 'İsrailli bebekler öldürüldü' iddiası, İsrailli yetkililer veya bağımsız taraflarca teyit edilmemiştir. İngiliz gazetesi buna rağmen doğrulanamayan bu iddiayı, İsrail bombardımanında yaralanan Filistinli çocukların fotoğrafıyla servis etmiştir."" ifadesi kullanıldı."
Festivalde canlarını kurtarmak için koşuşan İsrailliler iddiasının doğru olmadığına dikkat çekilen bültende, iddiaya konu görüntülerin, İsrail ile Filistin arasındaki son çatışmaların başlamasından üç gün önce kaydedildiği, görüntülerde, 4 Ekim 2023'te Tel Aviv'deki bir konser alanında koşan İsraillilerin görüldüğü aktarıldı.
"Ülkemizdeki yabancılar İsrail Başkonsolosluğu önünde Mehmetçik Gazze'ye sloganları attı iddiasıyla paylaşılan görüntülerin güncel olmadığı, aynı görüntülerle ilgili, ""Bu gördüğünüz grup Filistin’e destek için sokaklara dökülmüş ülkemizde yaşayan yabancılar"" iddiasının da doğru olmadığı ifade edildi. Bahse konu görüntülerin, 10 Mayıs 2021'de İsrail güvenlik güçlerinin Mescid-i Aksa'ya yönelik saldırılarını protesto etmek amacıyla yapılan gösterilere ait olduğunun tespit edildiği belirtildi."
Çin’de olağanüstü durum ilan edilerek bir hastane inşaatının 2 günde tamamlandığı iddia edilmiştir, Ancak fotoğrafta yer alan hastane 2 günde inşa edilmemiştir. Görselde bulunan hastane Çin’in Huangang şehrindeki Dabieshan Bölge Tıp Merkezi ve bu bölgenin şehir hastanesi konumundadır. Hastanenin inşaatına 2018 yılında başlanmıştır 
Kuzey Kore’de korona virüs hastalığına yakalanan iki kişinin idam edildiği iddia edilmiştir, Bir kullanıcı tarafından 13 Mart 2020 tarihinde Kore Devlet Başkanı Kim Jong-un’un fotoğrafıyla birlikte paylaşılan tweet, kısa süre içerisinde bine yakın kişi tarafından beğeni almıştır. Ancak Kuzey Kore’de korona virüs hastalığına yakalanan iki kişinin idam dildiği iddiası doğru değildir. Bilginin kaynağı araştırıldığında içeriğin parodi bir hesap tarafından üretildiği ve gerçek sanıldığı anlaşılmaktadır
İtalya’da göçmenlerin kaldığı manastırda 9 rahibenin hamile kaldığı iddiası, Sputnik Türkiye, Sözcü, IMP News, Yurt, Akşam, Milliyet, Hürriyet gibi bazı haber sitelerinde yer alan haberlerde, beş Afrikalı göçmeni misafir eden İtalya’nın Milano kentindeki bir manastırda dokuz rahibenin hamile kaldığı iddia edilmişti Haberin gerçek olmadığı ve yayınlayan sitenin gerçek olmadığı ortaya çıkarıldı
Hayatını kaybeden genç kıza cenaze aracı şoförünün tecavüz ettiği iddiası, Bu haber sitesinin who.is kaydına bakıldığında sitenin alan adını 5 gün önce aldığı görülüyor. Henüz 5 gün önce alan adının alındığı söz konusu sitenin böyle bir haberi 11 Ekim Dünya Kız Çocukları Günü’nde yayınlaması da kuşkuları arttırırken yapılan araştırmalarla haberi yapan aynı kişinin aynı haberi 2016’da yaptığı ortaya çıkarılmış
Fotoğrafın Güneş tutulmasının uzaydan görüntüsü olduğu iddiası, Sosyal medyada ve T24, Med Haber Ajansı gibi haber sitelerinde paylaşılan bir fotoğrafın 21 Ağustos 2017’de gerçekleşen güneş tutulması sırasında uzaydan çekilen bir görüntü olduğu iddia edildi. Ancak bu iddia doğru değil. Fotoğraf, 21 Ağustos’ta gerçekleşen güneş tutulmasına ait değil, tasarımcıların çalışmalarını paylaştığı DeviantArt’da yayınlanan görseller ve tarihleri 2009’dan başlıyor.
TRT’deki bilim yarışmasında “Organik Hoşaf” projesinin birinci olduğu iddiası, TRT Haber’de yayınlanan “Bir Fikrin Mi Var” isimli yarışma programında yarışan “Organik Hoşaf” isimli proje sosyal medyada tartışmalara yol açtı. Yarışmada “Organik Hoşaf” projesinin “Alzheimer Çipi” projesini geride bırakarak birinci olduğu iddia edildi. Ancak, “Bir Fikrin Mi Var” isimli yarışma programını, “Organik Hoşaf” projesinin kazandığı iddiaları doğru değil. Yarışmayı “Hız Ayarlı Yol Kasisi” projesiyle Adnan ve Uğur Kal kardeşlerin kazandı.
İspanya’da yaşayan 57 yaşındaki Carmen Jimenez isimli bir kadının, insanlara selam vermekten sıkıldığı ve ayak üstü konuşmaları sevmediği için 28 yıldır kör taklidi yaptığı iddia edildi. Fakat bu iddia yanlış. Haber İspanyol bir mizah dergisinden yayıldı.
haber sitelerinde yer alan haberlerde ABD’de yaşayan 87 yaşındaki eski bir postacının, 1.300’den fazla gayrimeşru çocuğun babası olduğunun ispatlandığı iddia edildi. Fakat bu haberi yayan sitenin de gerçeği yansıtmayan haberler yaptığı ortaya çıkarıldı.
 haber sitelerinde yer alan haberlerde Arjantin’in Salta eyaletinde yaşayan 128 yaşındaki adamın, diktatör Adolf Hitler olduğunun iddia edildiği belirtildi.Fakat haberin parodi sitesinden yayıldığı ortaya çıkarıldı.
haber sitelerinde ve İlber Ortaylı Hayranları gibi Facebook sayfalarında yer alan haberlerde, Düzce’de dikilen Rabia heykelindeki üç parmağın, heykeli protesto eden ülkücü grup tarafından kırıldığı, yalnızca orta parmağın bırakıldığı iddia edildi. Haber doğru değil, görseller photoshop.
"Sosyal medyada dolaşıma giren bir fotoğrafta, Amerika Birleşik Devletleri’nde (ABD) uzun yıllardır yayınlanan The Simpsons adlı çizgi filmin 14 yıl önce, ABD Başkanı Donald Trump’ın Suudi Arabistan’a gerçekleştirdiği ziyaret sırasında, küreye dokunduğu sahneyi tahmin ettiği iddia edildi. Fakat bu sahne yapılan ziyaretin ardından Simpsons’da yerini almıştı.

sosyal medyada yer alan haberlerde Zimbabve’de ‘İsa gibi suyun üzerinde yürümeye çalışan’ papaz Jonathan Mthethwa’yı timsahların yediği iddia edildi. Fakat bu da parodi haberlerin yayınlandığı bir sitenin haberiydi."
Sosyal medyada gündeme gelen bir iddiada TBMM’de sabaha karşı kabul edilen bir kanun teklifiyle vatandaşlardan yıllık 90 TL vatandaşlık aidatı alınacağı iddia edildi, Fakat TBMM’nin takviminde böyle bir toplantının da yapılmadığı görüldü.
suudi Arabistan’da bir televizyon kanalının Almanya Başbakanı Merkel’in saçını sansürleyerek yayınladığı iddia edildi, Fakat AFP’nin oirijinal fotoğrafında sansür olmadığı görülüyordu.
NASA yetkililerinin Güneş araştırmalarında önemli bir adım olacak Wednesday görevinde bir şempanzeyi kullanacakları iddia edildi. Fakat 2014’de benzer haberler çıkmıştı ve yalanlandı.
19 Mart 2017 Hayvanat bahçesinde timsaha tecavüz ettiler başlıklı haberde, İstanbul’da bir hayvanat bahçesinde bulunan Nil Timsahına hayvanat bahçesi çalışanlarından N.K.’nın tecavüz ettiği iddia edildi. Fakat iddia parodi içeriklerin yayınlandığı Kirpice’den yayınlamıştı.
haber sitelerinde ve sosyal medyada yayılan bir iddiaya göre, dün (20 Mart) 101 yaşında hayatını kaybeden Amerikalı iş adamı David Rockefeller bu zamana dek 6 kalp, 3 böbrek ve 2 ciğer nakli geçirdi. Fakat bu iddia da parodi bir haber sitesinden çıkmış.
hayatını kaybeden pop sanatçısı Harun Kolçak’a ait olduğu iddiasıyla bir yazı yayınlandı, Fakat sanatçının ailesi ve menajerin yaptığı açıklamada böyle bir vasiyetin geçerliliği yok.
Tercih mührünü pusuladaki Hayır yazısının üzerine değil Hayır yazısının altındaki boşluğa net okunabilecek şekilde basınız, ifadelerinin yer aldığı bir görsel dolaşıma girdi. Tercih mührünün “Hayır” kelimesinin üzerine gelmesi halinde oyun geçersiz sayılacağı iddia edildi. Ancak iddia doğru değil. Referandumda kullanılan oyların hangilerinin geçersiz sayılacağı ile ilgili Yüksek Seçim Kurulu (YSK) 14 Şubat’ta bir genelge yayımladı.
"Bazı internet tabanlı mesajlaşma uygulamalarında, ""Okul önlerinde ve parklarda uyuşturucu madde satıldığı"" şeklinde görüntü ve ses kayıtlarının olduğu yönündeki paylaşımların ilimiz ve tüm ülke genelinde yayıldığı bilgisi üzerine basın açıklaması yapılması gereği duyulmuştur. Bahsi geçen mesajlarda: ""Merhaba arkadaşlar, bu resimlerde gördüğünüz şeker şeklinde uyuşturucu. Şekerleme adı altında çocuklara dağıtılıyormuş. Okul önlerinde satılıyormuş. Büyük küçük çocuklarımızı uyaralım lütfen!"" iddialarının yer aldığı bilgisi alınmıştır. Dolaşımda olan mesajda hapın üzerindeki pakette ""ŞAMATA KARIŞIK AROMALI ŞEKERLEME"" ibaresinin yer aldığı ve aynı görselin bahsi geçen uygulama yoluyla vatandaşlarımıza ulaştırıldığı gerekçesiyle İl Emniyet Müdürlüğümüz birimlerince, iddialara yönelik yapılan araştırmada; Narkotik Suçlarla Mücadele Başkanlığı TUBİM Şube Müdürlüğü'nden ""SAMATA KARIŞIK AROMALI ŞEKERLEME"" isminde bir maddenin Türkiye'nin herhangi bir ilinde YAKALAMASININ OLMADIĞI ve HABERLERİN GERÇEĞİ YANSITMADIĞI bilgisine ulaşılmıştır. Bu asılsız haberleri yayan/paylaşanlarla ilgili 'HALKI YANILTICI BİLGİYİ ALENEN YAYMA' (TCK m.217/A) suçundan adli işlem başlatılacaktı"
Bombacının Cumhuriyet Gazetesi muhabiri olduğu iddiası, Cumhuriyet Gazetesi yaptığı bir açıklamayla iddiaları yalanlayarak, “bu isimde hiçbir yerde ve hiçbir zamanda muhabirlerinin olmadığını” ifade etti.
Sabah bulunan Hasan G.’nin patlamada yaralandığı iddiası, Hasan G.’nin sabah saatlerinde Adalet Bakanlığı önünde bulunduğu ve akşamki patlamada yaralanmasına rağmen sabaha kadar farkedilemediği iddia edilmişti. Numune Hastanesi’nde tedavi gören Hasan G.’nin arkadaşları “Hasan’ın patlamada yaralanmadığını, patlamadan çok sonra bölgeye gittiğini ve bölgede baygınlık geçirdiğini” ifade ediyor.
Ermeni askeri uzman Vladimir Pogosyan, Telegram hesabında, Kiev Mahkemesi’nin Kasım 2023 tarihli belgelerini paylaşarak bir Azerbaycan şirketinin Ukrayna’ya 82 milimetrelik mermi tedarik ettiğini iddia etmişti. Azerbaycan Savunma Sanayi Bakanlığı, sosyal medya üzerinden yaptığı açıklamada, “Medyanın bu konudaki talebine yanıt olarak, bu tür bilgilerin tamamen ‘fake’ ve dezenformasyon olduğunu beyan ederiz. Ermeni Telegram kanallarında benzeri yalan ve asılsız haberleri yayma girişimlerine daha önce de tanık olduk” ifadesini kullandı. Bu iddianın hiçbir dayanağı olmadığını ve ciddiye alınmaması gerektiğini kaydeden Bakanlık, Azerbaycan’ın Ukrayna’ya hiçbir askeri yardımın yapılmadığının altını çizdi.
Sanatçı Orhan Gencebay'ın vefat ettiğine dair sosyal medyada bir takım haberler paylaşıldı, Gencebay'ın oğlu Altan Gencebay, Anadolu Ajansı muhabirine yaptığı açıklamada babasının sağlık durumunun gayet iyi olduğunu belirterek, paylaşılan haberlerin yalan olduğunu dile getirdi.
Emniyet Genel Müdürlüğü, şiddet mağduru kadınların karakol kapısından döndüğüne yönelik haberin gerçeklikle alakasının olmadığını bildirdi, Açıklamada, söz konusu haber sitesinde görev yapan bir muhabirin, İstanbul'un çeşitli semtlerindeki polis merkezlerine deneme amaçlı giderek, ‘başvuru yapmak istediği ancak bunun kabul edilmediği’ yönündeki iddiası üzerine inceleme başlatıldığı ifade edildi. Polis merkezlerinde, aile içi ve kadına yönelik şiddet mağdurları tarafından yapılan başvuruların kabul edilmesi yönündeki hassasiyetin en üst düzeyde olduğunun altı çizildi.
"Ukrayna Büyükelçiliği, Yılan Adası’nın Rusya tarafından ele geçirildikten sonra adanın alt yapısının yok edildiğini ve sınır muhafızlarının tamamının öldürüldüğünü yazdı. Muhafızlar için ‘Ukrayna Kahramanı’ unvanı verileceği de paylaşılan bilgiler arasındaydı.
Bunun üzerine Rusya Büyükelçiliği, Yılan Adası’ndaki Ukraynalı sınır muhafızlarının gönüllü olarak silah bıraktığını duyurdu. Büyükelçilik, muhafızların çektiği videoları paylaşarak iddiaların asılsız olduğunu ortaya koydu."
"Türkiye Cumhuriyeti vatandaşlarının tüm kimlik bilgileri internette satılıyor, iddiasının doğru olmadığı vurgulandı Merkezi Nüfus İdaresi Sistemi'nin (MERNİS) intranet (kapalı devre) çalışan, internet ortamına kapalı bir sistem olduğu ve her yıl düzenli olarak bağımsız farklı firmalara sızma testi yaptırıldığı vurgulanan açıklamada, ""Bugüne kadar yaptırılan sızma testlerinde, güvenlik sistemlerinin çok iyi olduğu raporlarla ortaya koyulmuştur. Yapılan testler MERNİS'in, verilerin sızdırılmasına yönelik herhangi bir zafiyetinin olmadığını tespit etmiş ve dünyanın en güvenli sistemlerinden biri olduğunu göstermiştir. Paylaşılan görüntülerde, MERNİS altyapısında bulunmayan birtakım sorgulama bilgileri, MERNİS bilgisiymiş gibi sunulmuştur"" ifadeleri kullanıldı."
Hastalığı nedeniyle oyunculuğu bırakma kararı alan Bruce Willis, ‘dijital ikizinin’ projelerde yer alacağına dair çıkan haberleri reddetti.
Hastalığı nedeniyle oyunculuğu bırakma kararı alan Bruce Willis, ‘dijital ikizinin’ projelerde yer alacağına dair çıkan haberleri reddetti.
ingiliz televizyonu BBC’nin AB Dışişleri ve Güvenlik Yüksek Temsilcisi Josep Borrell’e dayandırarak verdiği haberinde, birçok Ukrayna şehrinin Rus birliklerine direndiğini aktardığı, ancak Ukrayna'da olduğu iddia edilen görüntülerden birinin aslında bir video oyununa ait olduğu ortaya çıktı. Fransız politikacı Aurelin Legrand, bu isimde kurgusal bir Rus şehrinin olduğunu ve görüntülerin “Tarkov’dan Kaçış” adlı video oyunundan alındığına dikkat çekti
Financial Times ve Washington Post gazeteleri, ABD’li yetkililere dayandırdıkları haberlerinde, Rusya’nın, Ukrayna’da askeri operasyon başlattığı 24 Şubat’tan sonraki dönemde Çin’den akseri teçhizat tedariki talebinde bulunduğunu iddia etmişti. Çin yetkilileri, ‘Rusya’nın Çin’den askeri teçhizat tedariki istediğine’ ilişkin haberleri yalanladı. Çin Dışişleri Bakanlığı'ndan yapılan açıklamada, ABD'li yetkililerin Rusya'nın Pekin'den Ukrayna'daki harekat için askeri teçhizat talep ettiği yönündeki iddialarının 'dezenformasyon' olduğu kaydedildi.
Financial Times ve Washington Post gazeteleri, ABD’li yetkililere dayandırdıkları haberlerinde, Rusya’nın, Ukrayna’da askeri operasyon başlattığı 24 Şubat’tan sonraki dönemde Çin’den akseri teçhizat tedariki talebinde bulunduğunu iddia etmişti. Çin yetkilileri, ‘Rusya’nın Çin’den askeri teçhizat tedariki istediğine’ ilişkin haberleri yalanladı. Çin Dışişleri Bakanlığı'ndan yapılan açıklamada, ABD'li yetkililerin Rusya'nın Pekin'den Ukrayna'daki harekat için askeri teçhizat talep ettiği yönündeki iddialarının 'dezenformasyon' olduğu kaydedildi.
Batı basınında Rusya’nın ABD’yi UUİ’deki işbirliğini kesmekle tehdit ettiği, Hei’ın dönüşü konusunda sorunlar çıkabileceği iddiası yer almıştı. Rus uzay ajansı Roscosmos’un basın dairesinden yapılan açıklamada, kurumun Uluslararası Uzay İstasyonu (UUİ) ile ilgili sorumluluklarını yerine getireceği, planlandığı gibi ABD’li astronot Mark Vande Hei’ı 30 Mart’ta Soyuz uzay aracıyla Dünya’ya dönmesinin sağlanacağı belirtildi.
"Ukrayna Dışişleri Bakanlığı ve Mariupol Belediye Başkanı Danışmanı Petro Andryuşçenko da dahil olmak üzere pek çok yetkili tarafından dolaşıma sokulan Mariupol’de cami bombalandığı, yönündeki iddiaların asılsız olduğu ortaya çıktı. Türkiye Dışişleri Bakanı Çavuşoğlu, ""Dün caminin bombalandığına dair bir haber çıktı. Daha sonra caminin imamı bunu doğrulamadı. Camiye çok uzak olmayan ama çok da yakın olmayan bir bombanın düştüğünü söyledi. Fakat camide şu an herhangi bir hasar yok. Ruslar bu bölgede kaç vatandaşımız olduğunu sordu, biz de bilgi verdik"" dedi. Fakat asılsız olduğu orta çıkmasına rağmen Ukrayna Dışişleri Bakanlığı’nın ilgili paylaşımını hala kaldırmadığı görüldü."
"ABD Dışişleri Bakanlığı Sözcüsü Ned Price, Rusya'nın Ukrayna'da kimyasal silah kullanabileceği iddiasını ortaya atmıştı. Bu iddiaya yanıt veren Antonov, ""Bu tür suçlamalar yersiz. ABD'li bürokrat, her zaman olduğu gibi tek bir delil bile sunma zahmetine girmedi. Bu, ülkemizi şeytanlaştırmaya yönelik bir başka girişim"" dedi."
Eski Ukrayna Cumhurbaşkanı Petro Poroşenko ve batı medyasının paylaşımlarında, 'Kiev'in Hayaleti' adlı Ukraynalı savaş uçağı pilotunun, 6 Rus uçağını düşürdüğü iddia edildi. Konu ile ilgili yayınlanan videonun ise savaş simülatör oyunlarından biri olan ‘Digital Combat Simulator’den alıntı olduğu ortaya çıktı
Bolsonaro'nun Kovid-19 aşılarına ilişkin tutumuyla internette demokrasi karşıtı saldırgan yayınlar yapmakla suçlanan sözde bir suç örgütünün eylemleri arasındaki ilişkinin araştırılması gerektiğini savundu. Bolsonaro, 21 Ekim'de sosyal medya hesabından yaptığı canlı yayında, İngiltere hükümetine dayandırılan raporda Kovid-19 aşısı olan bazı kişilerde AIDS görüldüğü söyleminde bulunmuş ve Bolsonaro'nun iddiaları kısa sürede yalanlanmıştı.
"Karaya oturarak Süveyş Kanalı'nı tıkayan dev konteyner gemisi Ever Given'ın Mısır'ın ilk kadın gemi kaptanı tarafından yönetildiği iddiaları sosyal medyada hızla yayılırken Merve Elselehdar hakkındaki suçlamaları yalanladı, Dünyanın en önemli ticaret rotasında trafiğin durmasına yol açan dev gemiyi yeniden yüzdürme çabaları sürerken, sosyal medyada birçok kullanıcı Mısır'ın ilk kadın kaptanı Elselehdar'ı gemiyi karaya oturtmakla suçladı. Merve Elselehdar'ın kaptanı olduğu gemiyi yanlış yönlendirerek krize yol açtığı iddiası sosyal medyada hızla yayıldı. Independent Türkçe'nin haberine göre 30 yaşındaki Elselehdar, söylentiler üzerine yaptığı açıklamada Mısır Deniz Güvenliği İdaresi'ne bağlı olarak Mısır gemisi Aida 4'ün kaptanlığını yaptığını söyledi. Fotoğraflarının fotoşop yoluyla yalan haberlerde kullanıldığını belirten Elselehdar, haberleri ""Arap kadınlarını hedef alan bir kampanya"" diye niteledi."
Bir grup genç erkeğin bir polis aracını sürdüğü ve aracın penceresinden sarkan bir kişinin elinde silah tuttuğu bir fotoğraf, Twitter’da “Fransa, günün fotoğrafı” mesajıyla paylaşıldı. 2 Temmuz günü paylaşılan ve kısa süre içinde 1,7 milyon görüntülenmeye ulaşan bu paylaşımdaki fotoğraf, güncel isyanlara değil bir Fransız filmine ait 2 Temmuz günü paylaşılan ve kısa süre içinde 1,7 milyon görüntülenmeye ulaşan bu paylaşımdaki fotoğraf, güncel isyanlara değil bir Fransız filmine ait Bu paylaşımı yapan kişi, binlerce retweetin ardından bu fotoğrafın “temsili olduğunu” söyledi. Daha sonra ise paylaşımını tamamen sildi.
Çok katlı bir otoparktan araçların aşağı atıldığı bir video da Fransa’da neler oluyor böyle mesajıyla paylaşıldı, Oysa bu paylaşım da Fransa’daki protestolara ait değildi BBC Verify bu videodan bazı kareleri internette arattı ve Temmuz 2016’da yapılan bir paylaşıma ulaştı. Bu paylaşımda, görüntülerin Fast and Furious 8 (Hızlı ve Öfkeli 8) adlı filmin setinde çekildiği yazıyordu. Film ABD’nin Ohio eyaletindeki Cleveland kentinde çekilmişti. BBC bu otoparkın Prospect Caddesi’nde olduğunu tespit etti. Görüntülerdeki arabalar ve otoparkın dış cephesi, 2017’de vizyona giren filmdeki sahnelerle de uyuşuyor.
Son günlerde sıklıkla paylaşılan bir diğer video da kapüşonlu bir adamın bir çatıda bir tüfek tuttuğu bir videoydu, Bir kullanıcı bunu Bir isyancı polisten çaldığı tüfekle keskin nişancı pozisyonu aldı mesajıyla paylaşırken bir diğeri de tüfeğin bir polis aracından çalındığını öne sürdü Bir Telegram kullanıcı ise “yağmacılar keskin nişancı koruması altında” diye yazdı. Bu video da çok sayıda platformda yüz binlerce defa görüntülendi. Fakat BBC Verify’ın araştırması, bu videonun eski olduğunu ortaya koydu. Bu videoyu içeren bir Tweet, 13 Mart 2022’de paylaşılmıştı.
"Birleşik Arap Emirlikleri (BAE) merkezli Dubai TV, Katar'ın başkenti Doha'da hükümet karşıtı gösteriler yapıldığına ve Türk askerlerinin de dahil olduğu birliklerin protestoculara biber gazıyla müdahale ettiğine dair bir haber yayınladı. Fakat haberin yayınlanmasından bir gün sonra Katar hükümeti basın ofisinden Al Jazeera'ya yollanan açıklamada, bunun ‘yalan haber' olduğu belirtildi. Dubai TV'de yayınlanan haberin videosu sosyal medyada yayılırken, Katar hükümeti basın ofisi direktörü Seyif el Sani, ""Bu sadece abluka uygulayan ülkelerin yarattığı yalan haberlerin son örneği"" dedi. El Sani, Al Jazeera'ya yaptığı açıklamada, ""Abluka uygulayan ülkeler gün geçtikçe Katar'ı izole etme çabalarında daha da umutsuz oluyorlar. Çünkü uluslararası toplum bu kirli kampanya tarafından kandırılamıyor. Şimdi odaklarını kamuoyuna yönlendiriyorlar. Yalan haber yaratmak için milyonlar harcıyorlar"" diye konuştu"
"Rusya Savunma Bakanlığı Sözcüsü İgor Konaşenkov, Reuters'ın Suriye'de 40 Rus askerin öldüğünü iddia ettiği haberi yalanladı. Konaşenkov, ""İngiliz haber ajansı Reuters, Rusya'nın IŞİD'i yok etme ve Suriye'ye barışı döndürme operasyonunu farklı yöntemlerle itibarsızlaştırmak için ilk kez girişimde bulunmuyor. Özellikle Hava İndirme Birlikleri Günü'nde yayınlanan, Suriye'deki Rus askerleri arasında çok sayıda 'gizli zayiat' olduğuna dair haber, bu çerçevede bir istisna değil"" ifadelerini kullandı."
"CNN sunucusu Christiane Amanpour'a Suriye'ye gidip Ümran Dakniş'le dürüst bir röportaj yapma tavsiyesinde bulunan Mariya Zaharova, bu kez CNN muhabirlerine gereken cesareti göstermeyi ve Ümran hakkında yaptıkları haberleri yalanlamayı önerdi. 'AMANPOUR'A YAPTIĞIM ÇAĞRIYA HENÜZ YANIT ALAMADIM' Amanpour'a yaptığı çağrıya henüz bir yanıt alamadığını belirten Zaharova, ""Belki CNN muhabirleri birlikte ya da münferit olarak Amanpour'a Moskova'ya geldiğinde, Dışişleri Bakanı Sergey Lavrov'a Ümran'ın fotoğrafını gösterdiğini, onun hikayesini anlattığını ve bu hikaye üzerinden Suriye'deki durum hakkında çıkarımlar yaptığını hatırlatır ve her şeye rağmen kendi yaptıkları haberi yalanlama cesaretini gösterirler"" diye konuştu."
"The Daily Caller'a konuşan bir Beyaz Saray yetkilisi, Akşam gazetesinin haberinde Kushner'dan alıntı yapılan sözlerin ‘uydurma' olduğunu söyledi. DC'nin iletişime geçtiği Atalay da haberin ‘uydurma' olduğunu kabul etti Erdoğan da Türkiye'yi büyük yapacak, aynı ABD gibi. Çalışmalarını takdirle izliyoruz"" dediğini iddia etmişti. Atalay iddialarına Kushner'ın, ""Amerika ile Türkiye'nin ve diğer ülkelerin ortak çalışmaları terörü sonlandıracaktır. Bu konuda samimi adımlar atıyoruz ve Türkiye'nin de samimiyetine güveniyoruz"" ve ""Ekonominiz güven veriyor"" dediği iddialarını eklerken, habere Kushner ile çektiği bir selfie'yi de koymuştu Beyaz Saray, Ivanka Trump'ın sözleri hakkında özel bir yorum yapmazken, makalenin ‘tamamen üretim' olduğunu belirtti."
Tarkan'ı tanıdığını söyleyen Azeri modacının yalan söylediği ortaya çıktı, Kendisini ‘modacı’ diye tanıtıp Tarkan’a özel bir deri yelek yapacağını söyleyen Azeri Ramazzo’nun Megastar’la tanışmadığı ortaya çıktı. Geçen ay Harbiye Açık hava konserinin bitiminde kulis çıkışına gidip birlikte fotoğraf çektirdiği Tarkan’ın menajeri, ünlü sanatçının Ramazzo’yu tanımadığını ve herhangi bir sipariş vermediğini açıkladı.
"Sürol, Tarkan ve Adriana Lima ile arkadaş olduklarını söylemiş bunun gerçek olmadığı da kısa bir süre sonra ortaya çıkmıştı, Tarkan'ın arkadaşı olduğunu söyleyen Sürol ""yeni klibinde oynayacağım"" demişti. Ancak Tarkan Sürol'u tanımadığını açıkladı."
Gündeş aslında kendisi 4 yaşındayken evi terk eden ve bir alkol bağımlısı olan babasının öldüğünü söylemişti herkese, Bu haberden birkaç gün sonra babası Remzi Gündeş’in yaşadığı ortaya çıktı. Bakırköy’deki eskici dükkanında kendi yağı ile kavrulmaya çalışan baba Gündeş, kızı ile 15 yıldır görüşmediğini açıkladı.
2012 yılının Şubat ayında internette yayılan, Metin Akpınar’ın öldüğüne dair yalan haber sanatçının sevenlerine üzerken Metin Akpınar haberi jet hızıyla yalanlayarak yüreklere su serpti.
2013’ün Kasım ayında Özkan Uğur ile ilgili yalan ölüm haberi Twitter’da yayıldı. Taziye mesajları gırla giderken Özkan Uğur bir açıklama yaptı ve “Ölmedim, evde oturuyorum” diyerek haberi yalanladı.
2013 yılında Teoman’ın ölüm haberi hızla yayıldı. Trafik kazasında öldüğü söylenen Teoman’ın ölümüne neden olan kazanın görüntülerini vereceğini iddia eden internet kaynakları bile oldu. Haberin yalan olduğu kısa sürede ortaya çıktı. Sıklıkla çıkan “Teoman müziği bıraktı”, “Teoman müziğe geri dönüyor” haberleri de şarkıcı hakkında zaman zaman ortaya atılan son dakika haberlerinden.
2009 yılında Twitter hesabı hacklenen ünlü şarkıcı Britney Spears'ın öldüğü haberi hızla yayıldı. Trafik kazasında öldüğü söylenen yıldızın hayatta olduğu ve haberin yalan olduğu da aynı hızla ortaya çıktı.
Bu paylaşımda, görüntülerin Fast and Furious 8 (Hızlı ve Öfkeli 8) adlı filmin setinde çekildiği yazıyordu, Film ABD’nin Ohio eyaletindeki Cleveland kentinde çekilmişti. BBC bu otoparkın Prospect Caddesi’nde olduğunu tespit etti. Görüntülerdeki arabalar ve otoparkın dış cephesi, 2017’de vizyona giren filmdeki sahnelerle de uyuşuyor.
Bir isyancı polisten çaldığı tüfekle keskin nişancı pozisyonu aldı mesajıyla paylaşırken bir diğeri de tüfeğin bir polis aracından çalındığını öne sürdü, Bu video da çok sayıda platformda yüz binlerce defa görüntülendi. Fakat BBC Verify’ın araştırması, bu videonun eski olduğunu ortaya koydu. Bu videoyu içeren bir Tweet, 13 Mart 2022’de paylaşılmıştı, Videonun nerede çekildiğini veya tüfeğin gerçek olup olmadığını teyit edemedik BBC Verify, Fransa’daki isyanlara dair sahte haberleri incelemeye devam edecek.
İsviçre'nin Montrö kentinde aynı aileden 5 kişinin yedinci kattaki bir apartman dairesinin balkonundan atlamasının ardından 1 kişi kurtulmuş, 4 kişi hayatını kaybetmişti. Neredeyse bir yıl süren soruşturmanın ardından polis, ailedeki yetişkinlerin bu olayı planladığını tespit etti.
Dünyanın birçok yerinde sosyal medya üzerinden yayılan komplo teorisinde, koronavirüsün yeni nesil cep telefonu teknolojisi 5G dalgaları ile yayıldığı öne sürülüyor. İngiltere'de de bu iddiaların ardından Birmingham ve Merseyside gibi bazı kentlerde baz istasyonları ateşe verilirken, hükümet de iddiaların doğru olmadığı uyarısı yaptı.
Savaşın Aktörleri' iddiası, Genç bir kadın ve erkeği yüzlerinde sahte kan lekeleri ile gösteren video, farklı platformlarda milyonlarca kez izlendi. Bu video Ukrayna'daki savaşın yalan, kurbanlarının da aslında aktör olduğu iddiasıyla paylaşıma sokuldu.
"Bir muhabirin, çok sayıda ceset torbası önünde anons çektiği video da viral oldu ve Kremlin saflarındaki sosyal medya hesapları tarafından paylaşıldı. Söz konusu videoda, ceset torbalarından birinde hareket gözleniyor. Sosyal medya paylaşımında, videonun Ukrayna'da çekildiği ve ""hareketli cesetlerin"" de savaşın aslında yalan olduğunu gösterdiği öne sürülüyor. Bu iddia da doğru değil. Bu video, Avusturya'nın Viyana kentinde, Şubat ayının başlarında kaydedildi. Görüntüler bir iklim protestosuna ait ve ceset torbalarında da eylemciler bulunuyor."
"CNN kanalının resmi hesabından atılmış gibi görünen bu tweette, ABD'li aktör Steven Seagal için ""Rusya özel kuvvetleri arasında görüldü"" deniliyor. Viral olan bu paylaşımı, ABD'li ünlü podcast sunucusu Joe Rogan da Instagram'daki 14 milyon takipçisi ile paylaştı. Ancak aynı zamanda Rusya vatandaşı da olan aktör, Ukrayna'da savaşmıyor. Bu tweet de muhtemelen, onaylı hesaplardan atılmış tweet izlenimi vermek için yaratılmış bir online araçla oluşturuldu. 69 yaşındaki aksiyon filmleri yıldızı geçen hafta Fox News kanalına, iki ülkeyi ""bir aile gibi"" gördüğünü söyledi ve barışçıl bir çözüm çağrısı yaptı. Joe Rogan da sonrasında bu paylaşımını sildi."
"Geniş bir kalabalığın, meydanda bir yönetmen tarafından koşma çağrısı ile yönlendirildiği anların farklı kayıtları da paylaşıma sokuldu. İddia, bu videonun Ukrayna'da ""elde edildiği"" ve medya tarafından paylaşılan bazı videoların üretilmiş olduğuna kanıt olduğu söylendi. Ancak aslında bu anlar 2013 yılında İngiltere'nin Birmingham kentinde çekilen bilim kurgu filmi ""Planet Earth Invasion"" çekimlerinden. Filmin yönetmeni Simon Cox, Twitter mesajında ""çekimlerin bu şekilde kullanılmasından şoke olduğunu"" söyledi."
Sosyal medyada Ukrayna Başbakan Yardımcısı'nın eşi olduğu söylenen bir asker fotoğrafı da dolaşıma sokuldu, Ancak Ukrayna'nın bir devlet başkanı yardımcısı bulunmuyor, dolayısıyla böyle bir kişi de yok. Bu sahte paylaşım, fotoğraftakinin Ukrayna first lady'si Olena Zelenska olduğu şeklinde de dolaşıma sokuldu. Orijinal fotoğraf Kiev'de bir askeri yürüyüş sırasında çekildi. Fotoğraftaki gerçek bir Ukrayna askeri.
Sosyal medyada Ukrayna Başbakan Yardımcısı'nın eşi olduğu söylenen bir asker fotoğrafı da dolaşıma sokuldu, Ancak Ukrayna'nın bir devlet başkanı yardımcısı bulunmuyor, dolayısıyla böyle bir kişi de yok. Bu sahte paylaşım, fotoğraftakinin Ukrayna first lady'si Olena Zelenska olduğu şeklinde de dolaşıma sokuldu. Orijinal fotoğraf Kiev'de bir askeri yürüyüş sırasında çekildi. Fotoğraftaki gerçek bir Ukrayna askeri.
Binlerce takipçisi olan bir YouTube'cu Jordan Sather, kısaltması MMS olan mucizevî bir mineral hapının Koronavirüs'ü silip süpüreceğini iddia ediyor. Hapın içeriğinde Klorin Dioksid yani bir beyazlatıcı kimyasal madde var.
"Dezenfektan jellerin tükendiği haberleriyle birlikte ""Evde kendi jelinizi yapın"" başlıklı tarifler de sosyal medyada hızla yayılmaya başladı.

Fakat çok etkili olduğu iddia edilen bu tariflerin çoğu uzmanlara göre, yüzey temizlemeye uygun ama insan cildi için iyi değil."
Koloidal ya da bir sıvı içinde çok ince çözültülmüş gümüş zerrecikleri ABD'de evangelist televizyon şovmeni Jim Bakker'in programında tavsiye edildi. Programa konuk olan biri sıvının Koronavirüs'ün belli çeşitlerini 12 saat içinde öldürdüğünü iddia etti fakat Covid-19 üzerinde denenmediğini de itiraf etti. Bunun koronavirüse karşı etkili bir çare olabileceği iddiası Facebook'da da yaygın bir şekilde paylaşıldı ve özellikle geleneksel tıbba eleştirel bakan gruplar arasında çok itibar gördü. Koloidal gümüşü tavsiye edenler bu sıvının çok çeşitli sağlık sorunlarına iyi geldiğini, antiseptik olduğunu ve bağışıklık sistemini güçlendirdiğini ileri sürüyorlar. Fakat Amerikan sağlık yetkilileri, bu sıvının herhangi bir sağlık sorununa iyi geldiği konusunda hiç bir kanıt olmadığını söylüyor.
"Facebook'da bir çok hesap tarafından paylaşılan bir iletide bir ""Japon doktora"" atıfla, 15 dakikada bir su içmenin ağızdan giren her türlü virüsü yıkayıp atacağı iddiası ortaya atılıyor. Bu iletinin Arapça versiyonu 250 binden fazla kişi tarafından paylaşılmış. Londra Hijyen ve Tropik Hastalıklar Fakültesi'nden Profesör Sally Bloomfield, bunun faydalı bir yöntem olduğuna dair kesinlikle hiçbir kanıt bulunmadığını söylüyor."
"Virüsü öldüreceği iddia edilen benzer bir çok yöntem öneriliyor. Bunlar arasında sıcak su içmekten, sıcak suyla yıkanmaya, saç kurutma makinası kullanmaya kadar bir çok farklı tavsiye var. Bir çok ülkede birden çok paylaşılan ve sahte bir şekilde Birleşmiş Milletler Çocuklara Yardım Fonu'na (UNICEF) atfedilen bir sosyal medya iletisinde sık sık sıcak su içmenin, güneşe çıkmanın virüsü öldüreceği ve dondurma yemekten kaçınmak gerektiği kaydediliyor. UNICEF'ten Charlotte Gornitzka ""Son zamanlarda UNICEF'in yayımladığı iddia edilerek paylaşılan bir internet mesajında dondurma ve soğuk yiyeceklerden kaçınmanın hastalığı önlemede etkili olabileceği iddia ediliyor. Tabi ki tamamen yanlış bir bilgi"" diyor."
“Afrika’da neden bu kadar çok kahve içiliyor acaba?” diye düşündüren “kahve içersen kararırsın” yalanı.
"Fransa'da Nahel'in polis tarafından öldürülmesi sonrası yaşanan protestolarla ilgili yanlış bilgiler de paylaşıldı. Onlardan biri Twitter'ın mavi tikli hesabından gönderildi, İki tüfek fotoğrafıyla birlikte paylaşılan başlıkta ""Fransız polisine Ukrayna'dan gelmiş olabilecek Amerikan tüfekleriyle ateş açıldı"" ifadesi yer alıyor. BBC Verify, bir milyondan fazla görüntülenen gönderinin hatalı olduğunu kaydetti."
"Rusya'nın Ukrayna'da ""bebek fabrikaları"" keşfettiği iddiası da son dönemde mavi tikli hesaplardan paylaşıldı. İki ila yedi yaş arasındaki çocukların bu yerlerde yetiştirildiği  ""çocuk seks genelevlerine"" gönderildiği ya da organlarının alınıp Batı'da satıldığı"" iddia edildi, BBC Verify, bu iddiaların kaynağının en büyük yalan haber üreticilerinden biri olarak tanımlanan The People's Voice tarafından mart ayında yayınlanan bir makale olduğunu kaydetti. Aynı kuruluşun yanlış ve yanıltıcı haberler paylaştığı ifade edildi"
Ukrayna'nın Kramatorsk kentine haziran ayı sonunda düzenlenen Rus füze saldırısında sekiz kişinin hayatını kaybettiği olayla ilgili de 'yalan' haber paylaşıldı. Twitter'dan yapılan paylaşımda saldırının yanlışlıkla Ukrayna tarafından başlatıldığı ve NATO birlikleri ile yabancı paralı askerlerin bulunduğu bir askeri kışlayı vurduğu iddia edildi. Gönderi bir milyondan fazla görüntülendi BBC, Ukrayna tarafından fırlatılan bir füzenin bu olaya neden olduğuna dair hiçbir kanıt olmadığını belirtti.
"Başka bir Twitter paylaşımında Ukrayna Devlet Başkanı Volodymyr Zelenskiy'nin ülkedeki seçimleri ""iptal ettiği"" iddia edildi. Bu habere kanıt olarak da Zelenskiy'nin haziran ayı sonunda BBC'ye verdiği bir röportajı gösterildi. Zelenskiy, seçimle ilgili soruya, ""Eğer savaşı kazanırsak, olacak. Bu sıkıyönetim ya da savaş olmayacağı anlamına geliyor. Yasalara göre seçimler barış zamanında, savaş olmadığı zamanlarda yapılmalı"" dedi. Ancak eski Fox News sunucusu Tucker Carlson, Twitter'da Zelenskiy'nin yorumlarının Ukrayna'da ""demokrasinin sona erdiğini"" kanıtladığını söyledi. Benzer ifadeler mavi tikli Twitter hesaplarından paylaşıldı. Ancak Ukrayna anayasasına göre ""sıkıyönetim süresince parlamentonun feshedilmesi ve ulusal seçimlerin yapılması yasak."" BBC Verify, paylaşımlarda belirtilen bilgilerin yanlış ve yanıltıcı olduğunu kaydetti."
Bolu Belediye Başkanı Tanju Özcan'ın bir televizyon programında Ankara Büyükşehir Belediye Başkanı Mansur Yavaş'ın İYİ Parti Genel Başkanı Meral Akşener'in cumhurbaşkanı adaylığı konusundaki teklifini önce kabul ettiği ardından da 'siyasi kazık attığını' iddia etti. Özcan'ın iddiasına hem İYİ Parti'den hem de ABB'den yalanlama geldi.
"Bu platformlarda tamamen yanlış bilgileri öne çıkaran içerikler üretiliyor. Onlardan biri olan CelebritiesDeaths.com, bu yılın Nisan ayında, ""Biden öldü. Harris başkanlığa vekalet ediyor, konuşma saat 09:00’da"" başlıklı haber yayınladı. Haberde, 80 yaşındaki ABD Başkanı Joe Biden'ın ""uykusunda huzur içinde"" öldüğü iddia ediliyordu."
İspanya'nın eski kralı Juan Carlos'un popülaritesi Danimarka vatandaşı Corinna zu Sayn-Wittgenstein Sayn ile ilişkisi ve Botswana'da bir fil avına katılmasının ardından büyük ölçüde zarar görmüş ve Kral 2014'te tahttan feragat etmişti. Hakkında çıkan yolsuzluk iddiaları ve kişisel skandalların ardından ülkesinden ayrılarak Abu Dabi'ye yerleşen Eski İspanya Kralı Juan Carlos, piyasaya çıkacak bir kitaptaki gizli bir kızı olduğu iddialarını yalanladı.
İspanya'nın eski kralı Juan Carlos'un popülaritesi Danimarka vatandaşı Corinna zu Sayn-Wittgenstein Sayn ile ilişkisi ve Botswana'da bir fil avına katılmasının ardından büyük ölçüde zarar görmüş ve Kral 2014'te tahttan feragat etmişti. Hakkında çıkan yolsuzluk iddiaları ve kişisel skandalların ardından ülkesinden ayrılarak Abu Dabi'ye yerleşen Eski İspanya Kralı Juan Carlos, piyasaya çıkacak bir kitaptaki gizli bir kızı olduğu iddialarını yalanladı.
"Avustralya Başbakanı ¨Scott Morrison, ülkesinin Fransa ile yaşadığı denizaltı krizi de dahil olmak üzere hiçbir konuda yalan söylemediğini açıkladı. Başbakan 2007'de seçilmesinden bu yana ""Kamu alanında asla yalan söylemedim"" dedi. Fransa Cumhurbaşkanı Emmanuel Macron, bu ay Morrison'un Avustralya'nın yeni denizaltı filosunu inşa etmek için Fransa ile milyarlarca dolarlık bir anlaşmayı iptal etme kararı konusunda kendisine yalan söylediğini açıklamıştı."
"Covid-19 aşısına karşı yalan haber furyasında son iddia Amerikalı rap şarkıcısı Nicki Minaj'dan geldi. Şarkıcı Twitter hesabında Covid-19 aşısının testislerde şişme ve iktidarsızlığa neden olduğunu yazdı, ancak Twitter Covid-19'la ilgili dezenformasyonla mücadele politikasına rağmen paylaşımın yanlış bilgi içerebileceğine dair bir uyarıda bulunmadı. Amerika Birleşik Devletleri Hastalık Kontrol ve Önleme Merkezi'nin (CDC) internet sitesinde de ""aşıların, Covid-19 aşları da dahil, erkeklerde üreme sorunlarına neden olduğuna dair bir kanıt bulunmuyor"" bilgisi yeralıyor."
"Almanya'nın Kuzey Ren Vestfalya eyaleti Başbakanı Armin Laschet, Sabah gazetesinin Avrupa baskısında kendisiyle ilgili yayınlanan ""Türkiye’ye karşı büyük sevgim var"" başlıklı röportajın gerçek dışı olduğunu belirterek söz konusu 'mülakatı' yalanladı. Alman devlet ajansı DPA'nın aktardığına göre, Sabah gazetesinde 27 Temmuz'da yayınlanan haberde, ""Hristiyan Birlik Partileri’nin (CDU/ CSU) başbakan adayı Armin Laschet, İnanıyorum ki, 26 Eylül’deki seçim zaferimde Almanyalı Türklerin de çok büyük katkısı olacak dedi"" ifadelerine yer veriliyor. Ancak Düsseldorf Eyalet Şansölyesi Armin Laschet perşembe günü ajansa yaptığı açıklamada, ""Böyle bir röportaj hiç olmadı."" diye konuştu."
"Sosyal medya paltformlarında yüzlerce defa paylaşılan ve BioNTech'in kurucularından Uğur Şahin'in ailesi ile poz verdiği ileri sürülen çocukluk fotoğrafının Şahin ailesine ait olmadığı ortaya çıktı.

Tepe yöneticiliğini yaptığı şirketin Covid-19'a karşı aşı üretimi için hazır olduğunun açıklamasının ardından tüm dikkatleri üzerinde toplayan Şahin ve ailesinin Almanya'ya geldiğinde çektirdiği belirtilen bir fotoğrafı sosyal medayada birçok kişi tarafından paylaşılmıştı.

Fransız haber ajansı AFP'nin yaptığı araştırmaya göre Boşnakça ve Arapça da paylaşılan fotoğrafın ilk olarak 21 Kasım'da İtalyanca sosyal medyada kendini göstermiş. Fakat fotoğrafı ilk paylaşan köşe yazısının Kuzey Makedon bir internet haber sitesi olan Tetova Express'te yayımlandığı sanılıyo"
"İletişim Başkanı Fahrettin Altun, video konferans yöntemiyle yapılan Basın Çalışanlarının Haklarının İyileştirilmesi Çalıştayı'nda konuştu. ""Bırakın artık bu coğrafyada, bu topraklarda 5'inci kol faaliyetleri sürdürmeyi, gerçek anlamda 4'üncü kuvvet olun. Demokrasi düşmanlığı yapmayın"" diyen Altun, kendilerine dayatılmak istenen, doğru ve gerçek olanı sıradanlaştıran, önemsizleştiren, itibarsızlaştıran, değersizleştiren ve demode kılmaya çalışan bir saldırıya karşı mücadele ettiklerini söyledi."
